{"timesteps": 94, "ep_reward": -101.38180361709792, "_timestamp": 1670784262.7357483, "_runtime": 21.252575397491455, "_step": 77, "_wandb": {"runtime": 19}}