{"timesteps": 155, "ep_reward": -368.6062254219504, "_timestamp": 1670784388.2064307, "_runtime": 33.372392654418945, "_step": 100, "_wandb": {"runtime": 32}}