{"timesteps": 414, "ep_reward": -64.04460993197267, "_timestamp": 1670774488.1935463, "_runtime": 111.90607833862305, "_step": 220, "_wandb": {"runtime": 111}}