{"episode": 99, "epsilon": 0.6688963210702341, "ep_reward": -93.45278250132915, "_timestamp": 1670149787.461056, "_runtime": 116.47027587890625, "_step": 99, "loss": 32.73476028442383, "q_mean": -7.323528289794922, "num_update": 10905, "_wandb": {"runtime": 115}}