{"timesteps": 155, "ep_reward": -368.6062254219504, "_timestamp": 1670774591.8330705, "_runtime": 33.84718346595764, "_step": 100, "_wandb": {"runtime": 33}}