{"episode": 24, "epsilon": 0.8928571428571429, "ep_reward": -358.22443135047513, "_timestamp": 1670149649.1639616, "_runtime": 18.407673597335815, "_step": 24, "loss": 119.3720932006836, "q_mean": -1.4154469966888428, "num_update": 1571, "_wandb": {"runtime": 18}}