{"timesteps": 102, "ep_reward": 18.588196077135706, "_timestamp": 1670793701.8412645, "_runtime": 4968.441408395767, "_step": 3000, "_wandb": {"runtime": 4967}}