{"timesteps": 71, "ep_reward": -541.1694658503795, "_timestamp": 1670769789.350723, "_runtime": 2.3412420749664307, "_step": 0, "_wandb": {"runtime": 1}}