{"timesteps": 155, "ep_reward": -368.6062254219504, "_timestamp": 1670784023.2211134, "_runtime": 33.63301634788513, "_step": 100, "_wandb": {"runtime": 33}}