{"episode": 3999, "epsilon": 0.05, "ep_reward": 275.8012511162785, "_timestamp": 1670513922.9050663, "_runtime": 19856.81333732605, "_step": 3999, "loss": 1.5060582160949707, "q_mean": 81.68830108642578, "num_update": 1726230, "_wandb": {"runtime": 19856}}