{"episode": 2999, "epsilon": 0.06251953735542357, "ep_reward": 148.75642509065327, "_timestamp": 1669931295.4831953, "_runtime": 22610.51311326027, "_step": 2999, "loss": 11.636863708496094, "q_mean": 39.67865753173828, "num_update": 1959859, "_wandb": {"runtime": 22609}}