{"episode": 597, "epsilon": 0.25094102885821834, "ep_reward": -81.4389121711753, "_timestamp": 1670577919.8987308, "_runtime": 3888.688361644745, "_step": 597, "loss": 5.2500481605529785, "q_mean": 25.874542236328125, "num_update": 334633}