{"episode": 1999, "epsilon": 0.09095043201455207, "ep_reward": 27.186404066438, "_timestamp": 1669815201.0249405, "_runtime": 15731.173253536224, "_step": 1999, "loss": 10.823421478271484, "q_mean": 27.431901931762695, "num_update": 1325576, "_wandb": {"runtime": 15730}}