{"timesteps": 155, "ep_reward": -368.6062254219504, "_timestamp": 1670774716.8579874, "_runtime": 33.48420429229736, "_step": 100, "_wandb": {"runtime": 32}}