{"episode": 3693, "epsilon": 0.05137426149499101, "ep_reward": 285.84064290767634, "_timestamp": 1669753971.9334009, "_runtime": 17270.110981941223, "_step": 3693, "loss": 0.9912883043289185, "q_mean": 83.20632934570312, "num_update": 1520057, "_wandb": {"runtime": 17271}}