{"timesteps": 195, "ep_reward": 249.09818552046235, "_timestamp": 1670781288.7419884, "_runtime": 6463.079355478287, "_step": 3000, "_wandb": {"runtime": 6462}}