{"timesteps": 135, "ep_reward": -893.0335057456999, "_timestamp": 1670770187.487559, "_runtime": 4.102758169174194, "_step": 47, "_wandb": {"runtime": 3}}