{"episode": 2999, "epsilon": 0.06251953735542357, "ep_reward": 242.2082239722413, "_timestamp": 1670601804.8976393, "_runtime": 17112.71637225151, "_step": 2999, "loss": 5.577647686004639, "q_mean": 65.6005859375, "num_update": 1483876, "_wandb": {"runtime": 17112}}