{"episode": 1999, "epsilon": 0.09095043201455207, "ep_reward": 288.56225547916813, "_timestamp": 1669828802.0706646, "_runtime": 11038.137543678284, "_step": 1999, "loss": 2.1345465183258057, "q_mean": 56.972068786621094, "num_update": 975038, "_wandb": {"runtime": 11037}}