{"episode": 2999, "epsilon": 0.06251953735542357, "ep_reward": 301.3522863886562, "_timestamp": 1670643259.7918868, "_runtime": 15978.569546699524, "_step": 2999, "loss": 7.887081146240234, "q_mean": 68.7884292602539, "num_update": 1425792, "_wandb": {"runtime": 15977}}