{"episode": 2999, "epsilon": 0.06251953735542357, "ep_reward": 245.08910985189286, "_timestamp": 1670557417.3052752, "_runtime": 16912.10858821869, "_step": 2999, "loss": 4.572583198547363, "q_mean": 71.64505004882812, "num_update": 1475470, "_wandb": {"runtime": 16911}}