{"timesteps": 1000, "ep_reward": -29.17059224849733, "_timestamp": 1670786356.3846881, "_runtime": 1400.0008730888367, "_step": 620, "_wandb": {"runtime": 1403}}