{"episode": 2999, "epsilon": 0.06251953735542357, "ep_reward": 234.3545200370274, "_timestamp": 1670735863.2546675, "_runtime": 19826.38363957405, "_step": 2999, "loss": 4.824295520782471, "q_mean": 57.51003646850586, "num_update": 1752919, "_wandb": {"runtime": 19825}}