{"timesteps": 135, "ep_reward": -893.0335057456999, "_timestamp": 1670769822.0284336, "_runtime": 4.088895559310913, "_step": 47, "_wandb": {"runtime": 3}}