{"timesteps": 195, "ep_reward": 249.09818552046235, "_timestamp": 1670833124.2125762, "_runtime": 6542.167589187622, "_step": 3000, "_wandb": {"runtime": 6541}}