{"episode": 225, "epsilon": 0.47058823529411764, "ep_reward": -55.57177171152908, "_timestamp": 1669736679.8638587, "_runtime": 380.13969373703003, "_step": 225, "loss": 31.352676391601562, "q_mean": 1.6089551448822021, "num_update": 34673, "_wandb": {"runtime": 381}}