{"episode": 1567, "epsilon": 0.11318619128466327, "ep_reward": -1122.8612727571974, "_timestamp": 1669885417.5657542, "_runtime": 3180.1058921813965, "_step": 1567, "loss": 533.2506103515625, "q_mean": 928.6499633789062, "num_update": 285694}