{"timesteps": 368, "ep_reward": -270.2302528322226, "_timestamp": 1670795824.6044295, "_runtime": 97.3750364780426, "_step": 137, "_wandb": {"runtime": 97}}