{"episode": 2999, "epsilon": 0.06251953735542357, "ep_reward": 241.6195982843914, "_timestamp": 1670703176.1269248, "_runtime": 15644.488840818405, "_step": 2999, "loss": 17.801908493041992, "q_mean": 68.8915023803711, "num_update": 1404782, "_wandb": {"runtime": 15643}}