{"episode": 2999, "epsilon": 0.06251953735542357, "ep_reward": 246.84932524893497, "_timestamp": 1670811550.6238942, "_runtime": 15645.382882118225, "_step": 2999, "loss": 8.025762557983398, "q_mean": 72.966064453125, "num_update": 1391800, "_wandb": {"runtime": 15644}}