{"episode": 99, "epsilon": 0.6688963210702341, "ep_reward": -153.667026761103, "_timestamp": 1670150376.214616, "_runtime": 106.98290395736694, "_step": 99, "loss": 52.288970947265625, "q_mean": -11.40945816040039, "num_update": 10290, "_wandb": {"runtime": 106}}