{"timesteps": 255, "ep_reward": 274.0237372955514, "_timestamp": 1670774336.7406244, "_runtime": 3757.4863464832306, "_step": 1205, "_wandb": {"runtime": 3758}}