{"episode": 3999, "epsilon": 0.05, "ep_reward": 255.3563747045431, "_timestamp": 1669994766.6762414, "_runtime": 24310.973001480103, "_step": 3999, "loss": 2.6059298515319824, "q_mean": 70.92601013183594, "num_update": 2089626, "_wandb": {"runtime": 24310}}