{"timesteps": 258, "ep_reward": -197.45769342919135, "_timestamp": 1670787634.0342536, "_runtime": 44.419153690338135, "_step": 117, "_wandb": {"runtime": 43}}