{"episode": 2999, "epsilon": 0.06251953735542357, "ep_reward": 286.8062511957948, "_timestamp": 1670675740.4052992, "_runtime": 17284.97519516945, "_step": 2999, "loss": 4.932369232177734, "q_mean": 71.4237060546875, "num_update": 1524334, "_wandb": {"runtime": 17284}}