{"timesteps": 1000, "ep_reward": -252.07542147177685, "_timestamp": 1670788609.6348915, "_runtime": 950.4739506244659, "_step": 353, "_wandb": {"runtime": 950}}