{"timesteps": 135, "ep_reward": -893.0335057456999, "_timestamp": 1670770058.2429533, "_runtime": 4.154957294464111, "_step": 47, "_wandb": {"runtime": 3}}