{"episode": 2999, "epsilon": 0.06251953735542357, "ep_reward": 272.14866815480684, "_timestamp": 1670532164.061408, "_runtime": 17056.150598049164, "_step": 2999, "loss": 6.173976898193359, "q_mean": 70.22032928466797, "num_update": 1484666, "_wandb": {"runtime": 17055}}