{"episode": 9, "epsilon": 0.847457627118644, "ep_reward": -143.60683181730627, "_timestamp": 1669736137.2252157, "_runtime": 1.265413761138916, "_step": 9, "_wandb": {"runtime": 0}}