{"episode": 2614, "epsilon": 0.07107320540156362, "ep_reward": -5.318405972142273, "_timestamp": 1669905874.8861182, "_runtime": 19218.03210425377, "_step": 2614, "loss": 11.588529586791992, "q_mean": 5.502409934997559, "num_update": 1613962}