{"episode": 2999, "epsilon": 0.06251953735542357, "ep_reward": 12.19964923937782, "_timestamp": 1670765198.14625, "_runtime": 17240.526829957962, "_step": 2999, "loss": 9.197491645812988, "q_mean": 70.36557006835938, "num_update": 1538166, "_wandb": {"runtime": 17239}}