{"episode": 1999, "epsilon": 0.09095043201455207, "ep_reward": 253.80737407187704, "_timestamp": 1669775440.7358658, "_runtime": 11305.632515907288, "_step": 1999, "loss": 10.140402793884277, "q_mean": 59.23088073730469, "num_update": 986834, "_wandb": {"runtime": 11305}}